<?xml version="1.0" encoding="UTF-8"?>
<!DOCTYPE mapper PUBLIC "-//mybatis.org//DTD Mapper 3.0//EN" "http://mybatis.org/dtd/mybatis-3-mapper.dtd">

<mapper namespace="com.skcc.vas.frs.common.biz.repository.VasConfigMapper">
	<select id="selectVASConfigPropertyIpBased" resultType="com.skcc.vas.frs.common.biz.domain.ConfigProperty">

		SELECT VAR, VALUE
		FROM (SELECT TOP 1 SYS_ID
		FROM VAS_SYS
		ORDER BY EDIT_DT DESC) VSYS,
		VAS_NODE VANO,
		VAS_CONF_NODE VCNO
		WHERE VSYS.SYS_ID = VANO.SYS_ID
		AND VANO.NODE_ID = VCNO.NODE_ID
		AND VANO.NODE_TYP = 'MAST-NODE'

		UNION

		SELECT 'vas.licenseKey' AS VAR,
		VLNO.LICENSE_KEY AS VALUE
		FROM (SELECT TOP 1 SYS_ID
		FROM VAS_SYS
		ORDER BY EDIT_DT DESC) VSYS,
		VAS_NODE VANO,
		VAS_LICENSE_NODE VLNO
		WHERE VSYS.SYS_ID = VANO.SYS_ID
		AND VANO.NODE_ID = VLNO.NODE_ID
		AND VANO.IP_ADDR = #{ipAddr}


	</select>

	<select id="selectVASConfigPropertyNodeIdBased" resultType="com.skcc.vas.frs.common.biz.domain.ConfigProperty">

		SELECT VAR, VALUE
		FROM VAS_CONF_NODE
		WHERE 1=1
		AND (( #{nodeId}= (SELECT
		TOP 1 NODE_ID
		FROM VAS_CONF_NODE
		WHERE NODE_ID = #{nodeId})) AND NODE_ID
		= #{nodeId}
		OR
		( #{nodeId} != (SELECT
		TOP 1 NODE_ID
		FROM VAS_CONF_NODE
		WHERE NODE_ID = #{nodeId})
		AND NODE_ID = (SELECT TOP 1 VANO.NODE_ID
		FROM VAS_NODE VANO, VAS_CONF_NODE VACN
		WHERE VANO.SYS_ID = (SELECT TOP 1 SYS_ID
		FROM
		VAS_NODE
		WHERE NODE_ID = #{nodeId})
		AND VANO.NODE_ID = VACN.NODE_ID
		AND VANO.NODE_TYP = 'MAST-NODE'
		ORDER BY VANO.NODE_ID DESC
		)

		)
		)

		UNION

		SELECT 'vas.licenseKey' AS VAR,
		VLNO.LICENSE_KEY AS VALUE
		FROM VAS_LICENSE_NODE VLNO
		WHERE VLNO.NODE_ID = #{nodeId}

	</select>

	<select id="selectVASConfigPropertyMyNode" resultType="com.skcc.vas.frs.common.biz.domain.ConfigProperty">

		SELECT VAR, VALUE
		FROM VAS_CONF_NODE
		WHERE NODE_ID = #{nodeId}

		UNION

		SELECT 'vas.licenseKey' AS VAR, VLNO.LICENSE_KEY AS VALUE
		FROM VAS_LICENSE_NODE VLNO
		WHERE VLNO.NODE_ID = #{nodeId}


	</select>

	<select id="selectVASConfigPropertyMasterNode" resultType="com.skcc.vas.frs.common.biz.domain.ConfigProperty">

	  SELECT VAR, VALUE
	  FROM  VAS_NODE VANO,
			VAS_CONF_NODE VCNO
	  WHERE VANO.NODE_ID = VCNO.NODE_ID
		AND VANO.NODE_TYP = 'MAST-NODE'
		AND VANO.SYS_ID = (SELECT SYS_ID FROM VAS_NODE WHERE NODE_ID = #{nodeId})
		AND VANO.USE_YN = 'Y'

		UNION

		SELECT 'vas.licenseKey' AS VAR,
		VLNO.LICENSE_KEY AS VALUE
		FROM
		VAS_LICENSE_NODE VLNO
		WHERE VLNO.NODE_ID = #{nodeId}


	</select>



</mapper>