<?xml version="1.0" encoding="UTF-8"?>
<!DOCTYPE mapper PUBLIC "-//mybatis.org//DTD Mapper 3.0//EN" "http://mybatis.org/dtd/mybatis-3-mapper.dtd">

<mapper namespace="com.skcc.vas.frs.common.db.repository.ConcernedFaceMapper">

  <resultMap id="concernedFace" type="com.skcc.vas.frs.common.db.rdb.domain.ConcernedFace">
    <result property="valid" column="is_valid" javaType="java.lang.Boolean" jdbcType="CHAR"/>
  </resultMap>
  
  <select id="seleectConcernedFaceAndPerson" resultType="com.skcc.vas.frs.common.db.nosql.domain.NConcernPersonAndFace">
      select f.id as faceId, p.name, p.gender, p.concern_type, f.is_valid as isValidFace, 
	         f.img_format, f.img_w as imgW, f.img_h as imgH, 
			 f.landmarks as landmarks, f.remarks as cfRemarks, f.person_id, f.img_path,
             p.concern_Type, p.is_valid, p.remarks as cpRemarks, p.last_update_by as lastUpdateBy, p.last_update_at as lastUpdateAt,
			 p.birthday, p.nationality, p.passport_no, p.first_name, p.middle_name, p.last_name
    from vas_cncrn_face f,
    vas_cncrn_person p
    where f.person_id = p.id
    and f.id = #{id}
  </select>  

  <select id="selectConcernedFaceById" resultType="com.skcc.vas.frs.common.db.rdb.domain.ConcernedFace">
    select id, person_id, is_valid, img, img_format, img_w as imgWidth, img_h as imgHeight, feature, landmarks
    from vas_cncrn_face
    where id
    = #{id}
  </select>
  
  <select id="selectACncrnImageBinary" resultType="java.util.HashMap">
    select img
    from vas_cncrn_face
    where id
    = #{id}
  </select>
  
  <select id="selectOnlyValidConcernedFaces" resultType="com.skcc.vas.frs.common.db.rdb.domain.ConcernedFace">
    select id, person_id, is_valid, img, img_format, img_w as imgWidth, img_h as imgHeight, feature, landmarks
    from vas_cncrn_face
    where is_valid = 'Y'
      and concern_type in ('WHITE', 'BLACK')
  </select>

  <select id="selectValidConcernedFaces" resultMap="concernedFace" fetchSize="200">
    select f.id, f.person_id, f.is_valid, f.img_format,
    f.img_w as imgWidth,
    f.img_h as
    imgHeight, f.feature, f.landmarks,
    f.remarks,
    f.img_path
    from vas_cncrn_face f,
    vas_cncrn_person p
    where f.person_id = p.id
    and p.is_valid = 'Y'
    and p.concern_type in ('WHITE', 'BLACK', 'NA')
    and f.is_valid =
    'Y'
    and
    f.feature is not null
    order by id desc
  </select>
  
  <select id="selectConcernedFaceVolume" parameterType="java.util.HashMap" resultType="java.util.HashMap">
    select from_idx, to_idx
      from vas_cncrn_node_volume
     where node_id = #{nodeId}
  
  </select>
  
  <select id="selectValidScopeConcernedFaces" parameterType="hashmap" resultMap="concernedFace" fetchSize="200">
    <![CDATA[
    select f.id, 
	f.person_id, 
	f.is_valid, 
	f.img_format,
    f.img_w as imgWidth,
    f.img_h as imgHeight, 
	f.feature, 
	f.landmarks,
    f.remarks,
    f.img_path,
	p.PASSPORT_NO,
	p.BIRTHDAY,
	p.NATIONALITY,
	P.NAME,
	P.GENDER,
	P.CONCERN_TYPE,
	P.FIRST_NAME,
	P.MIDDLE_NAME,
	P.LAST_NAME,
	F.IMG_FORMAT
    from vas_cncrn_face f,
    vas_cncrn_person p
    where f.person_id = p.id
    and p.is_valid = 'Y'
    and p.concern_type in ('WHITE', 'BLACK', 'NA')
    and f.is_valid =
    'Y'
    and
    f.feature is not null
    and
    f.id >= #{param.from_idx}
	and f.id <= #{param.to_idx}
    order by id desc
     ]]> 
  </select>  
  
    <select id="selectAllValidConcernedFacesCount" resultType="java.lang.String">
    select count(1) AS COUNT
    from (select * 
	from vas_cncrn_face WITH (NOLOCK)) f,
    (select * from vas_cncrn_person WITH (NOLOCK)) p
    where f.person_id = p.id
    and p.is_valid = 'Y'
    and p.concern_type in ('WHITE', 'BLACK')
    and f.is_valid = 'Y'
    and f.feature is not null
  </select>

  <select id="selectValidConcernedFeatures" resultType="com.skcc.vas.frs.common.biz.model.AnalyticFace"
   fetchSize="200">
   select f.id, f.feature
   from vas_cncrn_face f
   where f.is_valid = 'Y'
   </select>

  <!-- Would not set face.personId intentionally  -->
  <select id="selectConcernedFacesWithoutMetaByPerson" resultMap="concernedFace">
    select f.id, f.is_valid, f.img, f.img_format, f.img_w as imgWidth, f.img_h as imgHeight
    from vas_cncrn_face f, vas_cncrn_person p
    where p.id = #{personId}
    and f.person_id = p.id
    and f.feature
    is null
    <if test="activeOnly == 'Y'">
      and f.is_active = 'Y'
    </if>
  </select>

  <!-- 하위는 db schema변경으로 수정필요 -->

  <insert id="insertConcernedFace" parameterType="com.skcc.vas.frs.common.db.rdb.domain.ConcernedFace" useGeneratedKeys="true" keyProperty="face.id" keyColumn="id">
    insert into vas_cncrn_face1(name, gender,
    concern_type, is_valid,
    img, img_format, img_w, img_h, feature, landmarks, remarks, person_id, img_path)
    values(#{face.name}, #{face.gender},
    #{face.concernType}, 'Y', #{face.img}, #{face.imgFormat},
    #{face.imgWidth},
    #{face.imgHeight}, #{face.feature}, #{face.landmarks}, #{face.remarks},#{face.personId},#{face.imgPath})
  </insert>

   <!-- Deprecated -->
  <insert id="insertConcernedFaceImage" parameterType="com.skcc.vas.frs.common.db.rdb.domain.ConcernedFace" useGeneratedKeys="true" keyProperty="face.id" keyColumn="id">
    insert into
    vas_cncrn_usr_face_img(user_id, img, img_format, img_w, img_h,
    feature, landmarks, remarks,
    last_update_by, last_update_at)
    values(#{face.userId}, #{face.img},
    #{face.imgFormat},
    #{face.imgWidth},
    #{face.imgHeight},
    #{face.feature}, #{face.landmarks}, #{face.remarks},
    #{face.lastUpdateBy},
    Convert(varchar(10),Getdate(),112) +
    Replace(Convert(varchar(8),Getdate(),108),':',''))
  </insert>

  <update id="updateConcernedFace" parameterType="com.skcc.vas.frs.common.db.rdb.domain.ConcernedFace">
    update vas_cncrn_face set name = #{face.name}, gender = #{face.gender},
    concern_type = #{face.concernType}, img_format = #{face.imgFormat},
    img_w= #{face.imgWidth}, img_h = #{face.imgHeight}, img = #{face.img},
    feature = #{face.feature}, landmarks = #{face.landmarks}, remarks = #{face.remarks}
    where id = #{face.id}
  </update>

   <!-- Deprecated -->
  <update id="updateFaceFeatureInfo" parameterType="java.util.HashMap">
    update vas_cncrn_face
    set feature = #{feature}
    where person_id = #{personId}
    and id = #{faceId}
  </update>

  <update id="setValidity">
    update vas_cncrn_face
    set is_valid = #{isValid, jdbcType=CHAR}
    where id = #{id}
  </update>

  <update id="setValidityByPerson">
    update vas_cncrn_face
    set is_valid = #{isValid, jdbcType=CHAR}
    where person_id = #{personId}
  </update>

  <update id="setMetaOfConcernedFace" >
    update vas_cncrn_face
    set feature = #{feature}, landmarks = #{landmarks}
    where id = #{personId}
  </update>    
  
  <select id="selectConcernedFacesByJobId" resultMap="concernedFace">
    select b.id, b.feature
      from vas_job_cncrn_face a, vas_cncrn_face b
     where a.cncrn_face_id = b.id
       and a.job_id = #{jobId}
  </select>

  <select id="selectConcernedFaceIdsByPersonId" resultMap="concernedFace">
    select id, is_valid
	from vas_cncrn_face
    where person_id = #{personId}
  </select>
	<delete id="deleteMatchingNodeCncrnIndex">
		delete from
		VAS_CNCRN_NODE_VOLUME
		where NODE_ID =
		#{nodeId}
	</delete>
	
	<update id="updateMatchingNodeCncrnIndex">
		update VAS_CNCRN_NODE_VOLUME
		set from_idx = #{fromIdx}, to_idx = #{toIdx}
		where node_id = #{nodeId}
	</update>
	
	<insert id="insertMatchingNodeCncrnIndex">
		insert into VAS_CNCRN_NODE_VOLUME
		values(#{nodeId}, #{fromIdx},#{toIdx})
	</insert>
</mapper>