<?xml version="1.0" encoding="UTF-8"?>
<!DOCTYPE mapper PUBLIC "-//mybatis.org//DTD Mapper 3.0//EN" "http://mybatis.org/dtd/mybatis-3-mapper.dtd">

<mapper namespace="com.skcc.vas.frs.common.db.repository.DetectedFaceMapper">

   <update id="updateReusltConcernedPerson">
update tbl_result set p_uuid = #{concernedFaceId}, rt_score= #{confidence}
where rt_uuid = #{detectedFaceId}
   </update>

   <insert id="insertDetectedFace" parameterType="com.skcc.vas.frs.common.db.rdb.domain.DetectedFace"
      useGeneratedKeys="true" keyProperty="face.id" keyColumn="id">
      <bind name="now" value="@com.skcc.vas.frs.common.util.base.BaseUtils@getNowString()"/>
      <bind name="today" value="now.substring(0, 8)"/>
insert into vas_detected_face(system_id, cctv_id, srvc_type,
    img_file, img_w, img_h, img_x, img_y, feature, landmarks,
    frm_file, frm_w, frm_h, frm_time, detected_date, last_update_by, last_update_at
) values (#{face.systemId}, #{face.cctvId}, #{face.srvcType},
    #{face.imgFile}, #{face.imgWidth}, #{face.imgHeight}, #{face.imgX}, #{face.imgY}, #{face.feature}, #{face.landmarks},
    #{face.frmFile}, #{face.frmWidth}, #{face.frmHeight}, #{face.frmTime},
    #{today}, #{face.lastUpdateBy}, #{now}
    )
   </insert>

   <!-- Deprecated @TODO Remove this statement with corresponding method in mapper interface (Sangmoon Oh, 2016-07-18 -->
   <insert id="insertConcernedFaceMatch" parameterType="com.skcc.vas.frs.common.db.rdb.domain.DetectedFace">
insert into vas_cncrn_face_match(cncrn_face_id, detected_face_id, score, last_update_by, last_update_at, rank
)values(#{face.cncrnFaceId}, #{face.detectedFaceId}, #{face.score}, #{face.lastUpdateBy}, Convert(varchar(10),Getdate(),112) + Replace(Convert(varchar(8),Getdate(),108),':',''), #{face.rank}
)
   </insert>

   <insert id="insertJobFaceMatch" parameterType="com.skcc.vas.frs.common.db.rdb.domain.DetectedFace">
insert into vas_job_face_match(job_cncrn_face_id, detected_face_id, score, last_update_by, last_update_at
)values(#{face.jobCncrnFaceId}, #{face.detectedFaceId}, #{face.score}, #{face.lastUpdateBy}, Convert(varchar(10),Getdate(),112) + Replace(Convert(varchar(8),Getdate(),108),':','')
)
   </insert>

</mapper>