<?xml version="1.0" encoding="UTF-8"?>
<!DOCTYPE mapper PUBLIC "-//mybatis.org//DTD Mapper 3.0//EN" "http://mybatis.org/dtd/mybatis-3-mapper.dtd">

<mapper namespace="com.skcc.vas.frs.common.db.repository.FaceMatchJobMapper">
	<select id="selectJobDetailList" resultType="hashmap"
		parameterType="hashmap">
		select a.job_id
		, a.vms_id
		, a.cctv_id
		, b.job_nm
		, b.job_type
		, b.user_id
		, b.event_type
		, b.job_time_type
		, b.start_date
		, b.start_time
		, b.end_date
		, b.end_time
		, b.start_date + b.start_time as start_datetime
		, b.end_date + b.end_time as end_datetime
		, b.start_time2
		, b.end_time2
		from vas_job_detail a
		, vas_job_master b
		where a.job_id = b.job_id
		and a.job_id = #{param.job_id}
	</select>

	<select id="selectConcernedFaceFeatureList" resultType="hashmap"
		parameterType="hashmap">
		select a.id as job_cncrn_face_id
		, a.cncrn_face_id
		, b.feature
		, b.IMG_PATH
		from vas_job_cncrn_face a
		, vas_cncrn_face b
		where a.cncrn_face_id = b.id
		and a.job_id =
		#{param.job_id}
	</select>

	<select id="selectSqlServerTest" resultType="hashmap">
		select feature
		from
		vas_cncrn_face
	</select>

	<select id="searchStopStatus" resultType="java.lang.String"
		parameterType="hashmap">
		select top 1 ISNULL(rslt_stts,'') 
		from vas_job_master
		where job_id =
		#{param.job_id}
	</select>


	<select id="selectNonCompletedVmsFileJob" resultType="hashmap"
		parameterType="hashmap">
		select JOB_ID
		,JOB_NM
		,START_DATE
		,START_TIME
		,END_DATE
		,END_TIME
		,USER_ID
		,EVENT_TYPE
		,FACE_SIMIL
		,PHOTO_IMG
		,RSLT_STTS
		,REG_TIME
		,EDIT_TIME
		,SCHED_FROM_TIME
		,SCHED_TO_TIME
		,SCHED_DAYS_OF_WEEK
		,JOB_TYPE
		,SCHED_INTVAL
		,START_TIME2
		,END_TIME2
		,JOB_TIME_TYPE
		,PARTI_UNIT_TIME
		,PROGRESS
		,ANAL_SRC_TYPE
		,RSLT_STTS_DESC
		,THRESHOLD
		from VAS_JOB_MASTER
		where EVENT_TYPE = 'FACE_RECOGNITION'
		and ANAL_SRC_TYPE = 'FILE'
		and ( RSLT_STTS != 'COMPLETED' and RSLT_STTS != 'ABORTED' and RSLT_STTS
		!= 'FAIL' )
		and JOB_ID != #{param.job_id}
	</select>

	<select id="selectNonCompletedVideoJob" resultType="hashmap"
		parameterType="hashmap">
		select JOB_ID
		,JOB_NM
		,START_DATE
		,START_TIME
		,END_DATE
		,END_TIME
		,USER_ID
		,EVENT_TYPE
		,FACE_SIMIL
		,PHOTO_IMG
		,RSLT_STTS
		,REG_TIME
		,EDIT_TIME
		,SCHED_FROM_TIME
		,SCHED_TO_TIME
		,SCHED_DAYS_OF_WEEK
		,JOB_TYPE
		,SCHED_INTVAL
		,START_TIME2
		,END_TIME2
		,JOB_TIME_TYPE
		,PARTI_UNIT_TIME
		,PROGRESS
		,ANAL_SRC_TYPE
		,RSLT_STTS_DESC
		,THRESHOLD
		from VAS_JOB_MASTER
		where EVENT_TYPE = 'FACE_RECOGNITION_NON_VMS'
		and ANAL_SRC_TYPE = 'VIDEO_FILE'
		and ( RSLT_STTS != 'COMPLETED' and RSLT_STTS != 'ABORTED' and RSLT_STTS
		!= 'FAIL' )
		and JOB_ID != #{param.job_id}
	</select>

	<select id="selectFailFileList" resultType="hashmap"
		parameterType="hashmap">
		select JOB_ID
		,TASK_ID
		,FILE_PATH
		,ANAL_SRC_TYPE
		,RSLT_CODE
		,REG_TIME
		from VAS_JOB_FILE_HISTORY
		where JOB_ID = #{param.job_id}
		and TASK_ID = #{param.task_id}
	</select>

	<update id="updateJobStartTime" parameterType="hashmap">
		update
		vas_job_master set
		reg_time = getdate()
		, progress = 0
		, rslt_stts = 'IN_PROGRESS'
		where job_id = #{param.job_id}
	</update>

	<update id="updateJobEndTime" parameterType="hashmap">
		update
		vas_job_master set
		edit_time = getdate()
		, progress = #{param.portion_of_progress}
		, rslt_stts = 'COMPLETED'
		, rslt_stts_desc = ''
		where job_id = #{param.job_id}
	</update>

	<update id="updateJobOndemandNodeTime" parameterType="hashmap">
		update
		VAS_FR_NODE_ONDEMAND_DB set
		status =  #{param.status}
		where job_id = #{param.job_id}
	</update>
	
	<update id="updateSubJobEndTime" parameterType="hashmap">
		update
		vas_job_master set
		edit_time = getdate()
		, rslt_stts =  CASE  when progress + #{param.portion_of_progress} = 100 then 'COMPLETED'
							 when 100 > progress + #{param.portion_of_progress} then 'IN_PROGRESS'
					   END
		, rslt_stts_desc = ''
		where job_id = #{param.job_id}
	</update>

	<update id="updateJobStatus" parameterType="hashmap">
		update vas_job_master
		set
		reg_time = getdate()
		, rslt_stts = #{param.rslt_stts}
		, rslt_stts_desc = #{param.rslt_stts_desc}
		where job_id =
		#{param.job_id}
	</update>


	<update id="updateJobProgressRate" parameterType="hashmap">
		update
		vas_job_master set
		progress = #{param.progress}
		where job_id = #{param.job_id}
	</update>

	<update id="updateExtSrcStatus" parameterType="hashmap">
		update
		VAS_JOB_EXT_SRC set
		last_update_by = 'administrator'
		, last_update_at = format(getdate(),'yyyyMMddHHmmss')
		, RSLT_STTS = #{param.rslt_stts}
		, RSLT_STTS_DESC = #{param.rslt_stts_desc}
		where job_id =
		#{param.job_id}
		and rsc_id = #{param.rsc_id}
	</update>

	<insert id="insertJobFaceMatch" parameterType="hashmap">
		insert into
		vas_job_face_match (
		JOB_CNCRN_FACE_ID
		, DETECTED_FACE_ID
		, SCORE
		, LAST_UPDATE_BY
		, LAST_UPDATE_AT
		, DF_SYSTEM_ID
		, DF_CCTV_ID
		, DF_IMG_FILE
		, DF_IMG_W
		, DF_IMG_H
		, DF_IMG_X
		, DF_IMG_Y
		, DF_FRM_FILE
		, DF_FRM_W
		, DF_FRM_H
		, DF_FRM_TIME
		)
		values (
		#{param.job_cncrn_face_id}
		, #{param.detected_face_id}
		, #{param.score}
		, 'ondemand'
		, format(getdate(),'yyyyMMddHHmmss')
		,#{param.systemId}
		,#{param.cctvId}
		,#{param.imgFile}
		,#{param.imgW}
		,#{param.imgH}
		,#{param.imgX}
		,#{param.imgY}
		,#{param.frmFile}
		,#{param.frmW}
		,#{param.frmH}
		,#{param.frmTime}
		)
	</insert>

	<insert id="insertFailedFile" parameterType="hashmap">
		INSERT INTO
		VAS_JOB_FILE_HISTORY (
		JOB_ID
		,TASK_ID
		,FILE_PATH
		,ANAL_SRC_TYPE
		,RSLT_CODE
		,REG_TIME)
		VALUES (
		#{param.job_id}
		,#{param.task_id}
		,#{param.file_path}
		,#{param.anal_src_type}
		,#{param.rslt_code}
		,format(getdate(),'yyyyMMddHHmmss'))
	</insert>

	<delete id="deleteFailedFile" parameterType="hashmap">
		delete from
		VAS_JOB_FILE_HISTORY
		where JOB_ID = #{param.job_id}
		and TASK_ID = #{param.task_id}
		and FILE_PATH = #{param.file_path}
	</delete>

	<insert id="insertJobFaceMatchExtSrc" parameterType="hashmap">
		insert into
		vas_job_face_match_ext_src (
		JOB_CNCRN_FACE_ID
		, DETECTED_FACE_ID
		, SCORE
		, DF_RSC_ID
		, DF_IMG_FILE
		, DF_IMG_W
		, DF_IMG_H
		, DF_IMG_X
		, DF_IMG_Y
		, DF_FRM_FILE
		, DF_FRM_W
		, DF_FRM_H
		, DF_FRM_TIME
		, LAST_UPDATE_BY
		, LAST_UPDATE_AT
		)
		values (
		#{param.job_cncrn_face_id}
		, #{param.detected_face_id}
		, #{param.score}
		,#{param.rscId}
		,#{param.imgFile}
		,#{param.imgW}
		,#{param.imgH}
		,#{param.imgX}
		,#{param.imgY}
		,#{param.frmFile}
		,#{param.frmW}
		,#{param.frmH}
		,#{param.frmTime}
		, 'ondemand'
		, format(getdate(),'yyyyMMddHHmmss')
		)
	</insert>

	<insert id="insertOndemandSubJob" parameterType="hashmap">
		INSERT INTO VAS_FR_NODE_ONDEMAND
           (NODE_ID
           ,JOB_ID
           ,START_TIME
           ,END_TIME
           ,STATUS
           ,JOB_TIME
           ,PROGRESS_PORTION
           ,START_ID
           ,DETECTED_FACE_COUNT
           ,BASE_DIR
           ,ANAL_FROM
           ,ANAL_TO
           ,CCTV_ID)
		values (
		 #{param.node_id}
		,#{param.job_id}
		,#{param.start_time}
		,#{param.end_time}
		,#{param.status}
		,#{param.job_time}
		,#{param.progress_portion}
		,#{param.start_id}
		,#{param.detected_face_count}
		,#{param.base_dir}
		,#{param.anal_from}
		,#{param.anal_to}
		,#{param.cctv_id}
		)
	</insert>
	
	<update id="updateDiscretedJobProgressRate" parameterType="hashmap">
		update
		vas_job_master set
		edit_time = getdate()
		, rslt_stts =  CASE when 100 > progress + #{param.progress} then 'IN_PROGRESS'
			           ELSE 'IN_PROGRESS'
			   		   END
		, progress = CASE WHEN progress + #{param.progress} > 100 THEN progress
		             ELSE progress + #{param.progress}
		             END 
		, rslt_stts_desc = ''
		where job_id = #{param.job_id}
	</update>
	
	<select id="selectNumOfOndemandDBStanbyNode" resultType="java.lang.Integer">
	select a.id
	  from VAS_FR_NODE a
	 where a.role = 'standby' and a.class='ondemand'
	 or ( a.role = 'active' and a.id not in (select b.node_id
               							from vas_fr_node_ondemand_db b
			   							where b.STATUS ='allocated'
			   							or b.status = 'started'
			   							or b.status = 'aborted'
			   							)
	     and a.class='ondemand' and a.NODE_STATUS = 'started')
     or (a.role = 'active' and not exists( select * from vas_fr_node_ondemand_db) and a.class='ondemand'
	  and a.NODE_STATUS = 'started')
	</select>
	
	<select id="selectNumOfOndemandVMSStanbyNode" resultType="java.lang.Integer">
	select a.ID
	  from VAS_FR_NODE a
	 where a.role = 'standby' and a.class='ondemand'
	 or ( a.role = 'active' and a.id not in (select b.node_id
               							from vas_fr_node_ondemand_vms b
			   							where b.STATUS ='allocated'
			   							or b.status = 'started'
			   							or b.status = 'aborted'
			   							)
	     and a.class='ondemand' and a.NODE_STATUS = 'started')
     or (a.role = 'active' and not exists( select * from vas_fr_node_ondemand_vms) and a.class='ondemand'
	  and a.NODE_STATUS = 'started')
	</select>

	<select id="selectNumOfOndemandVideoStanbyNode" resultType="java.lang.Integer">
	select a.ID
	  from VAS_FR_NODE a
	 where a.role = 'standby' and a.class='ondemand'
	 or ( a.role = 'active' and a.id not in (select b.node_id
               							from vas_fr_node_ondemand_video b
			   							where b.STATUS ='allocated'
			   							or b.status = 'started'
			   							or b.status = 'aborted'
			   							)
		 and a.class='ondemand' and a.NODE_STATUS = 'started')
     or (a.role = 'active' and not exists( select * from vas_fr_node_ondemand_video) and a.class='ondemand'
	  and a.NODE_STATUS = 'started')
	</select>
	
	<update id="updateOndemandFailStatus" >
	 update vas_job_master
  	 set progress=100, rslt_stts='FAIL', edit_time=CURRENT_TIMESTAMP, rslt_stts_desc=#{failReason}
  	 where job_id=#{jobId}
	</update>

</mapper>