<?xml version="1.0" encoding="UTF-8"?>
<!DOCTYPE mapper PUBLIC "-//mybatis.org//DTD Mapper 3.0//EN" "http://mybatis.org/dtd/mybatis-3-mapper.dtd">

<mapper namespace="com.skcc.vas.frs.akka.db.repository.NodeMapper">

  <select id="selectNode" resultType="com.skcc.vas.frs.akka.db.rdb.domain.Node">
    select id as nodeId, node_name as nodeName, role as role, ip_addr as ipAddress, 
    		comm_port as port, node_status as nodeStatus, update_at as updateTime, descr as descr,
    		class as nodeClass
    from vas_fr_node
    where ip_addr= #{nodeAddress} and comm_port=#{nodePort} 
  </select>
  
  <select id="selectConcernMatchingVolumn" resultType="hashmap">
  SELECT FROM_IDX AS from_idx, TO_IDX AS to_idx
	FROM VAS_CNCRN_NODE_VOLUME VCNV,
     	VAS_NODE VANO
	WHERE VANO.NODE_ID = VCNV.NODE_ID
  	  AND VANO.IP_ADDR = #{nodeAddress}
  	  AND VANO.PORT = #{nodePort}  
  </select>
  
    <select id="selectConcernMatchingVolumnByNodeId" resultType="hashmap">
  SELECT FROM_IDX AS from_idx, TO_IDX AS to_idx
	FROM VAS_CNCRN_NODE_VOLUME VCNV,
     	VAS_NODE VANO
	WHERE VANO.NODE_ID = VCNV.NODE_ID
  	  AND VANO.NODE_ID = #{nodeId}
  </select>
  
  <select id="selectNodeByCncrnFaceIdx" resultType="java.lang.String">
    <![CDATA[
    select node_id
      from vas_cncrn_node_volume
     where from_idx <= #{idx}
       and to_idx >= #{idx}
    ]]>
  </select>
  
  <select id="selectNodesByFromIdx" parameterType="java.util.HashMap" resultType="java.lang.String">
    select node_id
      from vas_cncrn_node_volume
     where from_idx in 
         <foreach collection="from_list" item="item" index="index" separator="," open="(" close=")">
             #{item}
         </foreach>
  </select>

  <select id="selectNodeOfLastCncrnFaceId" resultType="java.lang.String">
    <![CDATA[
    select node_id
      from vas_cncrn_node_volume
     where from_idx <= (select max(id)
                          from vas_cncrn_face)
       and to_idx >= (select max(id)
                        from vas_cncrn_face)
    ]]>
  </select>  
<!--  
  <insert id="insertNewNode" parameterType="com.skcc.nexcore.vas.support.akka.dynamicrouting.Node" useGeneratedKeys="true" keyProperty="node.nodeId" keyColumn="id">
    insert into vas_fr_node(node_name, role, ip_addr, comm_port,node_status, update_at)
    values(#{node.nodeName}, #{node.role}, #{node.ipAddress}, #{node.port}, #{node.nodeStatus},#{node.updateTime})
  </insert>
 -->
 
<!--    
  <insert id="insertNewNode" parameterType="com.skcc.vas.frs.akka.db.rdb.domain.Node">
  	<selectKey keyProperty="node.nodeId" resultType="int" order="AFTER">
    	insert into vas_fr_node(node_name, role, ip_addr, comm_port,node_status, update_at, class)
    	values(#{node.nodeName}, #{node.role}, #{node.ipAddress}, #{node.port}, #{node.nodeStatus},#{node.updateTime}, #{node.nodeClass})
    
    	SELECT SCOPE_IDENTITY()
    </selectKey>
  </insert>
 -->

  <insert id="insertNewNode" parameterType="com.skcc.vas.frs.akka.db.rdb.domain.Node">
    	insert into vas_fr_node(id, node_name, role, ip_addr, comm_port,node_status, update_at, class)
    	values(#{node.nodeId}, #{node.nodeName}, #{node.role}, #{node.ipAddress}, #{node.port}, #{node.nodeStatus},#{node.updateTime}, #{node.nodeClass})
  </insert>
  
  <select id="selectNodeId" resultType="java.lang.Integer">
    select node_id 
    from vas_node
    where ip_addr= #{nodeAddress} and port=#{nodePort} and (use_YN = 'Y' or use_YN = 'y')
  </select>
  
  <update id="updateExistingNode" parameterType="com.skcc.vas.frs.akka.db.rdb.domain.Node">
  	update vas_fr_node
  	set role=#{node.role}, node_status=#{node.nodeStatus}, update_at=#{node.updateTime}, class=#{node.nodeClass}
  	where id=#{node.nodeId}
  </update>
  
  <delete id="deleteCctv" >
  	delete from vas_fr_node_cctv where node_id=#{nodeId}
  </delete>
  
  <delete id="deleteOneCctv" >
  	delete from vas_fr_node_cctv where node_id=#{nodeId} and origin_dev_id=#{cctvId}
  </delete>
  
  
  <select id="selectNodeById"  resultType="com.skcc.vas.frs.akka.db.rdb.domain.Node">
    select id as nodeId, node_name as nodeName, role as role, ip_addr as ipAddress, 
    		comm_port as port, node_status as nodeStatus, update_at as updateTime, descr as descr,
    		class as nodeClass
    from vas_fr_node
    where id= #{nodeId} 
  </select>
  
  <select id="selectCctvList"  resultType="com.skcc.vas.frs.akka.db.rdb.domain.Cctv">
    select node_id as nodeId, system_id as systemId, origin_dev_id as cctvId, dev_seq_no as devSeqNum, status as status
    from vas_fr_node_cctv
    where node_id= #{nodeId} 
  </select>  

  <insert id="insertCctv" parameterType="com.skcc.vas.frs.akka.db.rdb.domain.Cctv">
    insert into vas_fr_node_cctv(node_id, system_id, origin_dev_id, dev_seq_no, status)
    values(#{cctv.nodeId}, #{cctv.systemId}, #{cctv.cctvId}, #{cctv.devSeqNum}, #{cctv.status})
  </insert>
  
  <insert id="insertCctvList" parameterType="java.util.Map">
    	insert into vas_fr_node_cctv(node_id, system_id, origin_dev_id, dev_seq_no, status)
    	values
    	<foreach collection="list" item="cctv" separator=",">
    		(#{cctv.nodeId}, #{cctv.systemId}, #{cctv.cctvId}, #{cctv.devSeqNum}, #{cctv.status})
    	</foreach>
  </insert>
  
  <select  id="selectNodeList" resultType="com.skcc.vas.frs.akka.db.rdb.domain.Node">
  	   select id as nodeId, node_name as nodeName, role as role, ip_addr as ipAddress, 
    		comm_port as port, node_status as nodeStatus, update_at as updateTime, descr as descr,
    		class as nodeClass
       from vas_fr_node
  </select>
  
  <select id="selectCctvByCctvId"  resultType="com.skcc.vas.frs.akka.db.rdb.domain.Cctv">
    select node_id as nodeId, system_id as systemId, origin_dev_id as cctvId, dev_seq_no as devSeqNum, status as status
    from vas_fr_node_cctv
    where origin_dev_id= #{cctvId} and system_id= #{systemId}
  </select> 
  
  <update id="updateCctvStatus">
  	update vas_fr_node_cctv
  	set status=#{status}
  	where origin_dev_id= #{cctvId} and system_id= #{systemId} 
  </update>
  
<!--   
  <select id="selectConfigInfo" resultType="com.skcc.nexcore.vas.face.FRConfig">
    select score_matching as scoreMatching, use_filtering as useFiltering, filtering_period as filteringPeriod, score_filtering as scoreFiltering, 
    		max_num_detected_faces as maxNumDetectedFaces, detected_face_width as detectedFaceWidth, screenshot_uses_cctv_resolution as useCctvResolutionInScreenshot  , 
    		screenshot_width as screenShotWidth , update_at as updateTime
    from vas_fr_config
  </select>
 -->
  
  <select id="selectConfigInfo" resultType="com.skcc.vas.frs.live.db.rdb.domain.FRConfig">                                            
    select score_matching as scoreMatching, score_matching_low as scoreMatchingLow,
    		max_num_detected_faces as maxNumDetectedFaces, detected_face_width as detectedFaceWidth,
    		update_at as updateTime,
	        score_confidence as scoreConfidence,
	        max_num_matched_faces as  maxNumMatchedFaces,
	        score_detection  as scoreDetection,
	        min_eyes_width 	as  minEyesWidth,
	        max_eyes_width as maxEyesWidth	
    from vas_fr_config
  </select>
  
  <select id="selectConfigInfoByCctvId" resultType="com.skcc.vas.frs.live.db.rdb.domain.FRConfig">
    select score_matching as scoreMatching, score_matching_low as scoreMatchingLow, 
    		max_num_detected_faces as maxNumDetectedFaces, detected_face_width as detectedFaceWidth, 
            update_at as updateTime,
	        score_confidence as scoreConfidence,
	        max_num_matched_faces as  maxNumMatchedFaces,
	        score_detection  as scoreDetection,
	        min_eyes_width 	as  minEyesWidth,
	        max_eyes_width as maxEyesWidth,
	        origin_dev_id as deviceId	
    from vas_fr_config_cctv
    where origin_dev_id= #{cctvId}
  </select>
  
  
  <select id="selectStandbyOndemandNodeList" resultType="com.skcc.vas.frs.akka.db.rdb.domain.Node">
  	   select id as nodeId, node_name as nodeName, role as role, ip_addr as ipAddress, 
    		comm_port as port, node_status as nodeStatus, update_at as updateTime, descr as descr,
    		class as nodeClass
       from vas_fr_node
       where class='ondemand' and role='standby' and node_status='initial'
  </select>
  
  <select id="selectOngoingOndemandDBNodeList" resultType="java.lang.Integer"  >
  	 select node_id
  	 from vas_fr_node_ondemand_db
  	 where job_id=#{jobId} and status='started' 
  </select>

  <select id="selectOngoingOndemandVMSNodeList" resultType="java.lang.Integer"  >
  	 select node_id
  	 from vas_fr_node_ondemand_vms
  	 where job_id=#{jobId} and status='started' 
  </select>

  <select id="selectOngoingOndemandVideoNodeList" resultType="java.lang.Integer" >
  	 select node_id
  	 from vas_fr_node_ondemand_video
  	 where job_id=#{jobId} and status='started' 
  </select>
  
  <insert id="insertOndemandDBSubJob"  parameterType="com.skcc.vas.frs.akka.db.rdb.domain.OndemandDBSubJobVO">
  	insert into vas_fr_node_ondemand_db(node_id, job_id, start_time, status, progress_portion, start_id, detected_face_count, time_type,
  										total_start_thread, total_completed_thread)
    values(#{dbSubJobVO.nodeId}, #{dbSubJobVO.jobId}, #{dbSubJobVO.startTime}, #{dbSubJobVO.jobStatus}, #{dbSubJobVO.portionOfProgress},
     #{dbSubJobVO.startId}, #{dbSubJobVO.detectedFaceCount}, #{dbSubJobVO.timeType}, #{dbSubJobVO.totalStartThread}, #{dbSubJobVO.totalCompletedThread})
  </insert>
  
  <insert id="insertOndemandVMSSubJob"  parameterType="com.skcc.vas.frs.akka.db.rdb.domain.OndemandVMSSubJobVO">
  	insert into vas_fr_node_ondemand_vms(node_id, job_id, start_time, status, progress_portion, base_dir, cctv_id, vms_id, matching_threshold, anal_from, anal_to,
  										total_start_thread, total_completed_thread)
    values(#{vmsSubJobVO.nodeId}, #{vmsSubJobVO.jobId}, #{vmsSubJobVO.startTime}, #{vmsSubJobVO.jobStatus}, #{vmsSubJobVO.portionOfProgress},
     #{vmsSubJobVO.baseDir}, #{vmsSubJobVO.cctvIds}, #{vmsSubJobVO.vmsIds}, #{vmsSubJobVO.matchingThreshold},
     #{vmsSubJobVO.analysisTimeFrom}, #{vmsSubJobVO.analysisTimeTo}, #{vmsSubJobVO.totalStartThread}, #{vmsSubJobVO.totalCompletedThread})
  </insert>
  

  <insert id="insertOndemandVideoSubJob"  parameterType="com.skcc.vas.frs.akka.db.rdb.domain.OndemandVideoSubJobVO">
  	insert into vas_fr_node_ondemand_video(node_id, job_id, start_time, status, progress_portion, base_dir, matching_threshold,
  	                 file_period, rsc_id, 
  	                 total_start_thread, total_completed_thread)
    values(#{videoSubJobVO.nodeId}, #{videoSubJobVO.jobId}, #{videoSubJobVO.startTime}, #{videoSubJobVO.jobStatus}, #{videoSubJobVO.portionOfProgress},
     #{videoSubJobVO.baseDir}, #{videoSubJobVO.matchingThreshold},#{videoSubJobVO.filePeriods}, #{videoSubJobVO.rscIds},
     #{videoSubJobVO.totalStartThread}, #{videoSubJobVO.totalCompletedThread})
  </insert>
  
  <select id="selectOngoingDBSubJob" resultType="com.skcc.vas.frs.akka.db.rdb.domain.OndemandDBSubJobVO">
  	select node_id as nodeId, job_id as jobId, start_time as startTime, status as jobStatus, progress_portion as portionOfProgress,
  	       start_id as startId, detected_face_count as detectedFaceCount, time_type as timeType
  	from vas_fr_node_ondemand_db
  	where node_id=#{nodeId} and (status = 'allocated' or status ='started' or status='aborted')
  </select>
  
  <select id="selectOngoingVMSSubJob" resultType="com.skcc.vas.frs.akka.db.rdb.domain.OndemandVMSSubJobVO">
  	select node_id as nodeId, job_id as jobId, start_time as startTime, status as jobStatus, progress_portion as portionOfProgress,
  	       base_dir as baseDir , cctv_id as cctvIds, vms_id as vmsIds, matching_threshold as matchingThreshold,
  	       anal_from as analysisTimeFrom, anal_to as analysisTimeTo 
  	from vas_fr_node_ondemand_vms
  	where node_id=#{nodeId} and (status = 'allocated' or status ='started'  or status='aborted')
  </select>

  <select id="selectOngoingVideoSubJob" resultType="com.skcc.vas.frs.akka.db.rdb.domain.OndemandVideoSubJobVO">
  	select node_id as nodeId, job_id as jobId, start_time as startTime, status as jobStatus, progress_portion as portionOfProgress,
  	       base_dir as baseDir , matching_threshold as matchingThreshold, file_period as filePeriods, rsc_id as rscIds  	       
  	from vas_fr_node_ondemand_video
  	where node_id=#{nodeId}  and (status = 'allocated' or status ='started'  or status='aborted')
  </select>
   
   <select id="selectOndemandDBAllCount" resultType="java.lang.Integer" >
   	  select count(*)
   	  from vas_fr_node_ondemand_db 
   	  where job_id=#{jobId}
   </select>
   
   <select id="selectOndemandDBFinishedCount" resultType="java.lang.Integer" >
   	  select count(*)
   	  from vas_fr_node_ondemand_db 
   	  where job_id=#{jobId} and (status='completed' or status='completed_with_error' or status='abort_completed'
   	   or status='abort_completed_with_error')
   </select>
   
   <select id="selectOndemandDBSuccessfulCount" resultType="java.lang.Integer" >
   	  select count(*)
   	  from vas_fr_node_ondemand_db 
   	  where job_id=#{jobId} and status='completed'
   </select>
  
   <select id="selectOndemandVMSAllCount" resultType="java.lang.Integer" >
   	  select count(*)
   	  from vas_fr_node_ondemand_vms 
   	  where job_id=#{jobId}
   </select>
   
   <select id="selectOndemandVMSFinishedCount" resultType="java.lang.Integer" >
   	  select count(*)
   	  from vas_fr_node_ondemand_vms 
   	  where job_id=#{jobId} and (status='completed' or status='completed_with_error' or status='abort_completed'
   	   or status='abort_completed_with_error')
   </select>
   
   <select id="selectOndemandVMSSuccessfulCount" resultType="java.lang.Integer" >
   	  select count(*)
   	  from vas_fr_node_ondemand_vms 
   	  where job_id=#{jobId} and status='completed'
   </select>
   

   <select id="selectOndemandVideoAllCount" resultType="java.lang.Integer" >
   	  select count(*)
   	  from vas_fr_node_ondemand_video 
   	  where job_id=#{jobId}
   </select>
   
   <select id="selectOndemandVideoFinishedCount" resultType="java.lang.Integer" >
   	  select count(*)
   	  from vas_fr_node_ondemand_video 
   	  where job_id=#{jobId} and (status='completed' or status='completed_with_error' or status='abort_completed'
   	   or status='abort_completed_with_error')
   </select>
   
   <select id="selectOndemandVideoSuccessfulCount" resultType="java.lang.Integer" >
   	  select count(*)
   	  from vas_fr_node_ondemand_video 
   	  where job_id=#{jobId} and status='completed'
   </select>
   
   <update id="updateOndemandDBStatus" >
  	update vas_fr_node_ondemand_db
  	<set>
  		<if test="status.equals('started')">start_time=#{time},</if>
  		<if test="status.equals('aborted')">start_time=#{time},</if>
  		<if test="status.equals('completed')">end_time=#{time},</if>
  		<if test="status.equals('completed_with_error')">end_time=#{time},</if>
  		<if test="status.equals('abort_completed')">end_time=#{time},</if>
  		<if test="status.equals('abort_completed_with_error')">end_time=#{time},</if>
  		<if test="status.equals('start_failed')">end_time=#{time},</if>
  		<if test="status.equals('abort_failed')">end_time=#{time},</if>  		
  		<if test="status != null">status=#{status}</if>
  	</set>
  	where job_id=#{jobId} and node_id=#{nodeId}
  </update>
   
   <update id="updateOndemandVMSStatus" >
  	update vas_fr_node_ondemand_vms
  	<set>
  		<if test="status.equals('started')">start_time=#{time},</if>
  		<if test="status.equals('aborted')">start_time=#{time},</if>
  		<if test="status.equals('completed')">end_time=#{time},</if>
  		<if test="status.equals('completed_with_error')">end_time=#{time},</if>
  		<if test="status.equals('abort_completed')">end_time=#{time},</if>
  		<if test="status.equals('abort_completed_with_error')">end_time=#{time},</if>
  		<if test="status.equals('start_failed')">end_time=#{time},</if>
  		<if test="status.equals('abort_failed')">end_time=#{time},</if>  		
  		<if test="status != null">status=#{status}</if>
  	</set>
  	where job_id=#{jobId} and node_id=#{nodeId}
  </update>
   
   <update id="updateOndemandVideoStatus" >
  	update vas_fr_node_ondemand_video
  	<set>
  		<if test="status.equals('started')">start_time=#{time},</if>
  		<if test="status.equals('aborted')">start_time=#{time},</if>
  		<if test="status.equals('completed')">end_time=#{time},</if>
  		<if test="status.equals('completed_with_error')">end_time=#{time},</if>
  		<if test="status.equals('abort_completed')">end_time=#{time},</if>
  		<if test="status.equals('abort_completed_with_error')">end_time=#{time},</if>
  		<if test="status.equals('start_failed')">end_time=#{time},</if>
  		<if test="status.equals('abort_failed')">end_time=#{time},</if>  		
  		<if test="status != null">status=#{status}</if>
  	</set>
  	where job_id=#{jobId} and node_id=#{nodeId}
  </update>
  
  
   <update id="updateOndemandDBStatusWithThread" >
  	update vas_fr_node_ondemand_db
  	set status=#{status}, start_time=#{startTime}, total_start_thread=#{totalThread}
  	where job_id=#{jobId} and node_id=#{nodeId}
  </update>
  
   <update id="updateOndemandVMSStatusWithThread" >
  	update vas_fr_node_ondemand_vms
  	set status=#{status}, start_time=#{startTime}, total_start_thread=#{totalThread}
  	where job_id=#{jobId} and node_id=#{nodeId}
  </update>
  
   <update id="updateOndemandVideoStatusWithThread" >
  	update vas_fr_node_ondemand_video
  	set status=#{status}, start_time=#{startTime}, total_start_thread=#{totalThread}
  	where job_id=#{jobId} and node_id=#{nodeId}
  </update>
 
   <update id="updateOndemandDBCompletedThread" >
  	update vas_fr_node_ondemand_db
  	set total_completed_thread=#{thread}
  	where job_id=#{jobId} and node_id=#{nodeId}
  </update>
 
   <update id="updateOndemandVMSCompletedThread" >
  	update vas_fr_node_ondemand_vms
  	set total_completed_thread=#{thread}
  	where job_id=#{jobId} and node_id=#{nodeId}
  </update>
  
   <update id="updateOndemandVideoCompletedThread" >
  	update vas_fr_node_ondemand_video
  	set total_completed_thread=#{thread}
  	where job_id=#{jobId} and node_id=#{nodeId}
  </update>
  
   
   <select id="selectOndemandDBThread" resultType="hashmap" >
   	  select total_start_thread as total_start_thread, total_completed_thread as total_completed_thread
   	  from vas_fr_node_ondemand_db 
   	  where job_id=#{jobId} and node_id=#{nodeId}
   </select>
   
   <select id="selectOndemandVMSThread" resultType="hashmap" >
   	  select total_start_thread as total_start_thread, total_completed_thread as total_completed_thread
   	  from vas_fr_node_ondemand_vms
   	  where job_id=#{jobId} and node_id=#{nodeId}
   </select>
  
   <select id="selectOndemandVideoThread" resultType="hashmap" >
   	  select total_start_thread as total_start_thread, total_completed_thread as total_completed_thread
   	  from vas_fr_node_ondemand_video
   	  where job_id=#{jobId} and node_id=#{nodeId}
   </select>
   
  <select id="selectOndemandDBNode" resultType="com.skcc.vas.frs.akka.db.rdb.domain.OndemandDBSubJobVO">
  	select node_id as nodeId, job_id as jobId, start_time as startTime, status as jobStatus, progress_portion as portionOfProgress,
  	       start_id as startId, detected_face_count as detectedFaceCount, time_type as timeType,
  	       total_start_thread as totalStartThread,  total_completed_thread as totalCompletedThread
  	from vas_fr_node_ondemand_db
  	where job_id=#{jobId}
  </select>
  
  <select id="selectOndemandVMSNode" resultType="com.skcc.vas.frs.akka.db.rdb.domain.OndemandVMSSubJobVO">
  	select node_id as nodeId, job_id as jobId, start_time as startTime, status as jobStatus, progress_portion as portionOfProgress,
  	       base_dir as baseDir , cctv_id as cctvIds, vms_id as vmsIds, matching_threshold as matchingThreshold,
  	       anal_from as analysisTimeFrom, anal_to as analysisTimeTo,
  	       total_start_thread as totalStartThread,  total_completed_thread as totalCompletedThread 
  	from vas_fr_node_ondemand_vms
  	where job_id=#{jobId}
  </select>

  <select id="selectOndemandVideoNode" resultType="com.skcc.vas.frs.akka.db.rdb.domain.OndemandVideoSubJobVO">
  	select node_id as nodeId, job_id as jobId, start_time as startTime, status as jobStatus, progress_portion as portionOfProgress,
  	       base_dir as baseDir , matching_threshold as matchingThreshold, file_period as filePeriods, rsc_id as rscIds,
  	       total_start_thread as totalStartThread,  total_completed_thread as totalCompletedThread
  	from vas_fr_node_ondemand_video
  	where job_id=#{jobId}
  </select>
  
  <delete id="deleteDBSubJob" >
  	delete from vas_fr_node_ondemand_db where node_id=#{nodeId} and job_id=#{jobId}
  </delete>
   
  <delete id="deleteVMSSubJob" >
  	delete from vas_fr_node_ondemand_vms where node_id=#{nodeId} and job_id=#{jobId}
  </delete>

  <delete id="deleteVideoSubJob" >
  	delete from vas_fr_node_ondemand_video where node_id=#{nodeId} and job_id=#{jobId}
  </delete>
  
  <select id="selectOngoingDBJob" resultType="java.lang.String">
  	select job_id
  	from vas_fr_node_ondemand_db
  	where node_id=#{nodeId} 
  	and ( status='initial' or status='allocated' or status='started' or status='aborted')
  </select>
  
  <select id="selectOngoingVMSJob" resultType="java.lang.String">
  	select job_id
  	from vas_fr_node_ondemand_vms
  	where node_id=#{nodeId} 
  	and ( status='initial' or status='allocated' or status='started' or status='aborted')
  </select>
  
  <select id="selectOngoingVideoJob" resultType="java.lang.String">
  	select job_id
  	from vas_fr_node_ondemand_video
  	where node_id=#{nodeId} 
  	and ( status='initial' or status='allocated' or status='started' or status='aborted')
  </select>
  
  <select id="selectOngoingJob" resultType="java.lang.String">
  	select job_id
  	from vas_fr_node_ondemand_db a, vas_fr_node_ondemand_vms b, vas_fr_node_ondemand_video c
  	where a.node_id=b.node_id and b.node_id=c.node_id and a.node_id=#{nodeId}
  	and (a.status='initial' or a.status='allocated' or a.status='started' or a.status='aborted')
  	and (b.status='initial' or b.status='allocated' or b.status='started' or b.status='aborted')
  	and (c.status='initial' or c.status='allocated' or c.status='started' or c.status='aborted')
  	
  </select>
   
   <update id="updateJobMaster" >
  	update vas_job_master
  	set progress=#{progress}, rslt_stts=#{resultStatus}, edit_time=CURRENT_TIMESTAMP
  	where job_id=#{jobId}
  </update>
  
  <select id="selectAnalysisResource" resultType="com.skcc.vas.frs.ondemand.video.db.rdb.domain.FileAnalysisRequest$AnalysisResource">
		select AR.rsc_id as id, 
		       AR.rsc_title as rscTitle,
		       AR.rsc_scene_type as rscSceneType,
		       AR.rsc_origin as rscOrigin,
		       AR.rsc_type as rscType,
		       AR.rsc_path as rscPath,
		       AR.rsc_thumb_path as rscThumbPath,
		       AR.rsc_file_nm as rscFileNm,
		       AR.rsc_width as rscWidth,
		       AR.rsc_height as rscHeight, 
		       AR.rsc_file_size as rscFileSize, 
		       AR.video_length as videoLength, 
		       AR.remarks as remarks,
		       AR.is_valid as isValid       
		from VAS_ANALYSIS_RESOURCE AR
		where rsc_id = #{rscId}
   </select>
  
  <select id="selectVasNodes" resultType="com.skcc.vas.frs.akka.db.rdb.domain.VasNode">
    select node_id as nodeId, sys_id as sysId, node_typ as nodeType, node_nm as nodeName,
           ip_addr as ipAddress, port as port,  use_yn as useYN
    from vas_node
    where use_YN = 'Y' or use_YN = 'y'
    order by ipAddress, port desc
  </select>
  
  
  <select id="selectVasNodesWithSystemId" resultType="com.skcc.vas.frs.akka.db.rdb.domain.VasNode">
    select node_id as nodeId, sys_id as sysId, node_typ as nodeType, node_nm as nodeName,
           ip_addr as ipAddress, port as port,  use_yn as useYN
    from vas_node
    where (use_YN = 'Y' or use_YN = 'y') and (sys_id = #{systemId})
    order by ipAddress, port desc
  </select>
  
  
  
  <select id="selectVasNode" resultType="com.skcc.vas.frs.akka.db.rdb.domain.VasNode">
    select node_id as nodeId, sys_id as sysId, node_typ as nodeType, node_nm as nodeName,
           ip_addr as ipAddress, port as port,  use_yn as useYN
    from vas_node
    where (use_YN = 'Y' or use_YN = 'y') and ip_addr = #{nodeAddress} and port = #{nodePort}
  </select>
  
  <select id="selectVasNodeFromMap" parameterType="hashmap" resultType="com.skcc.vas.frs.akka.db.rdb.domain.VasNode">
    select node_id as nodeId, sys_id as sysId, node_typ as nodeType, node_nm as nodeName,
           ip_addr as ipAddress, port as port,  use_yn as useYN
    from vas_node
    where (use_YN = 'Y' or use_YN = 'y') and ip_addr = #{nodeAddress} and port = #{nodePort}
  </select>  
  
  <select id="selectVasNodesbyAddress" resultType="com.skcc.vas.frs.akka.db.rdb.domain.VasNode">
    select node_id as nodeId, sys_id as sysId, node_typ as nodeType, node_nm as nodeName,
           ip_addr as ipAddress, port as port,  use_yn as useYN
    from vas_node
    with (updlock)
    where (use_YN = 'Y' or use_YN = 'y') and ip_addr = #{nodeAddress} and upper(node_typ) = #{nodeType}
           and port_yn is NULL
    order by port 
  </select>
  
  <select id="selectVasNodesbyAddressFromMap" parameterType="hashmap" resultType="com.skcc.vas.frs.akka.db.rdb.domain.VasNode">
    select node_id as nodeId, sys_id as sysId, node_typ as nodeType, node_nm as nodeName,
           ip_addr as ipAddress, port as port,  use_yn as useYN
    from vas_node
    with (updlock)
    where (use_YN = 'Y' or use_YN = 'y') and ip_addr = #{nodeAddress} and upper(node_typ) = #{nodeType}
           and port_yn is NULL
    order by port 
  </select>
  
  
   <update id="updateVasNodePortUsed" >
  	update vas_node
  	set port_yn = #{allocated}
  	where ip_addr = #{nodeAddress} and port = #{nodePort}
  </update>
  
   <update id="updateVasNodePortUsedFromMap" parameterType="hashmap">
  	update vas_node
  	set port_yn = #{allocated}
  	where ip_addr = #{nodeAddress} and port = #{nodePort}
  </update>
  
  
    <select id="selectNodeListOfGroupe" resultType="com.skcc.vas.frs.akka.db.rdb.domain.Node">
		SELECT id as nodeId
		     , node_name as nodeName
		     , role as role
		     , ip_addr as ipAddress
		     , comm_port as port
		     , node_status as nodeStatus
		     , update_at as updateTime
		     , descr as descr
		     , class as nodeClass
		FROM VAS_FR_NODE VAFN,
			(	SELECT *
				FROM VAS_IF_MQ_MAPPING VIMM
				WHERE VIMM.MQ_ID = (
					SELECT TOP 1 MQ_ID
					 FROM VAS_IF_MQ
					WHERE MQ_TYP = 'ACTIVEMQ'
					ORDER BY MQ_ID DESC )
				  AND VIMM.TOPIC_GRP_ID = (
					SELECT TOPIC_GRP_ID
					  FROM VAS_IF_MQ_MAPPING
					WHERE NODE_ID = #{nodeId}
					GROUP BY TOPIC_GRP_ID
				  )
		   ) AS VAGI
		WHERE VAFN.ID = VAGI.NODE_ID
  </select>
  
   <select id="selectGroupId" resultType="java.lang.Integer">
     select DISTINCT topic_grp_id
     from vas_if_mq_mapping
     where node_id = #{nodeId}
   </select>
   
   <select id="selectStandbyMatchingNodeWithSameGroup" resultType="com.skcc.vas.frs.akka.db.rdb.domain.Node">
     select fn.id as nodeId, fn.NODE_NAME as nodeName, fn.ROLE as role, fn.IP_ADDR as ipAddress,
            fn.COMM_PORT as port, fn.NODE_STATUS as nodeStatus, fn.UPDATE_AT as updateTime, fn.DESCR as descr,
            fn.CLASS as nodeClass
      from vas_fr_node FN, (select DISTINCT node_id from vas_if_mq_mapping where topic_grp_id = #{groupId}) as NODEIDS
      where  fn.ROLE = 'standby' 
             and fn.CLASS = 'matching-cluster' 
             and fn.ID = NODEIDS.NODE_ID
   </select>
   
   <select id="selectStandbyDetectionNodeWithSameGroup" resultType="com.skcc.vas.frs.akka.db.rdb.domain.Node">
     select fn.id as nodeId, fn.node_name as nodeName, fn.role as role, fn.ip_addr as ipAddress,
            fn.comm_port as port, fn.node_status as nodeStatus, fn.update_at as updateTime, fn.descr as descr,
            fn.CLASS as nodeClass
      from vas_fr_node FN, (select DISTINCT node_id from vas_if_mq_mapping where topic_grp_id = #{groupId}) as NODEIDS
      where  fn.ROLE = 'standby' 
             and ( fn.CLASS = 'initial' or fn.CLASS = #{nodeClass})
             and fn.ID = NODEIDS.node_id
   </select> 

</mapper>